Rédigé par		Petite intro	Nombre d’habitants (en millions) 	Superficie (km2)	La ville chef-lieu de région (future capitale)	Ils y sont nés	images	Qu’est-ce qu’elle a de spécial, ma région? 	Quel dictionnaire? 	Et pour les gourmands? 	ID
Sophie 	Alsace-Champagne-Ardenne-Lorraine	Son nom est très long car elle est constituée de trois anciennes régions&nbsp;: l’Alsace, la Champagne-Ardenne et la Lorraine. Son nouveau nom pourrait être «&nbsp;Grand Est&nbsp;», mais ce n’est pas encore sûr.	5,8	57 433 km2, soit 734 fois la ville de Strasbourg	Strasbourg sera la capitale de cette région. C’est aussi la plus grande ville et le siège du Parlement européen et du Conseil de l’Europe. Les autres grandes villes sont Metz, Nancy, Mulhouse, Reims et Troyes. 	"Yannick Noah
Chanteur et tennisman
Né à Sedan
Photo AFP

Albert Uderzo
Dessinateur d'Astérix
Né à Fismes
AFP

Karine Le Marchand
Présentatrice de télé
Née à Nancy
AFP"		"C’est une région qui touche plusieurs pays, avec lesquels elle a beaucoup d’échanges&nbsp;: la Suisse, l’Allemagne, le Luxembourg et la Belgique. Il y a beaucoup de montagnes&nbsp; : les Vosges et le Jura alsacien. Le 6 décembre, on fête la Saint-Nicolas (accompagné du méchant père Fouettard). Il y a aussi beaucoup de marchés de Noël.

Au sein de cette grande région, l’Alsace et la Moselle ont une histoire particulière&nbsp; : elles ont appartenu à l’Allemagne après la défaite de la France dans la guerre de 1870 et sont redevenues françaises en 1919 après la Première Guerre mondiale, avant d’être de nouveau allemandes pendant la Seconde Guerre mondiale. Elles en ont gardé quelques particularités&nbsp;, comme des jours fériés en plus comme dans le calendrier allemand&nbsp;: le vendredi saint, juste avant Pâques, et le 26 décembre.
Souvent, les Alsaciens aiment mettre leurs spécifités et leurs traditions en valeur, comme afficher le nom des villes en alsacien sur les panneaux. C’est pour cela que beaucoup n’étaient pas contents de se regrouper avec deux autres régions et ils se sont fortement opposés au redécoupage. "	"En Alsace, on parle encore un peu l’alsacien&nbsp;: cela ressemble à l’allemand. Par exemple, on dit les Schloppa pour les chaussons.
En Lorraine et en Champagne-Ardenne, il y a des expressions particulières&nbsp;: en Champagne-Ardenne, le nombril est une «&nbsp;boudine&nbsp;», et on dit qu’on «&nbsp;clenche&nbsp;» une porte quand on la ferme. "	Au sein de cette nouvelle grande région, chaque ancienne région a ses spécificités&nbsp;: l’Alsace est connue pour la choucroute, le kugelhopf, le vin blanc. En Champagne-Ardenne, le sous-sol calcaire et le climat sont bénéfiques à la production du champagne. Et en Lorraine, on cuisine la fameuse quiche lorraine, on mange des mirabelles et les délicieuses madeleines de Commercy.	alsace
Kim	Auvergne-Rhône-Alpes	L'Auvergne-Rhône-Alpes est la fusion de deux régions voisines&nbsp;: l'Auvergne et Rhône-Alpes. L'ordre alphabétique a été choisi pour ne pas faire de jaloux, mais ce nom doit changer. Cela pourrait être «&nbsp;Rhône-Alpes-Auvergne&nbsp;», «&nbsp;Aura&nbsp;» ou «&nbsp;Alpes-Auvergne&nbsp;».	7,6	69 711 km2, soit 1 454 fois la ville de Lyon	Lyon sera la capitale de cette région. Les autres grandes villes sont Bourg-en-Bresse, Annecy, Saint-Etienne, Valence, Aurillac, Chambéry, Grenoble, Clermont-Ferrand et le Puy-en-Velay.	"
Mimi Mathy
Actrice
Née à Lyon
Photo AFP

André Manoukian
Musicien
Né à Lyon
AFP

Florence Forresti
Humoriste
Née à Vénissieux
AFP"		"Cette région est au centre-est de la France. Elle touche cinq régions françaises, mais aussi la Suisse et l'Italie. Tout le monde n'était pas content de voir les deux régions fusionner&nbsp;: les départements moins peuplés, comme le Cantal, ont peur d'être oubliés par les grandes villes comme Lyon.
En Auvergne-Rhônes-Alpes, on peut faire du ski, par exemple en Savoie ou dans le Jura, ou se promener dans le parc naturel régional des volcans d'Auvergne. C'est là qu'on produit l'eau Volvic. "	"Les langues régionales sont l'occitan, qu'on appelle aussi langue d'oc, le bourbonnais et l'arpitan, un mélange de français et de provençal. Peu de personnes les parlent.
En Auvergne-Rhône-Alpes, le français est appelé «&nbsp;langue d'oïl&nbsp;». En bourbonnais, par exemple, on dit «&nbsp;acaboueler&nbsp;» pour «&nbsp;couver une maladie&nbsp;», «&nbsp;dâler&nbsp;» quand il fait très chaud, ou «&nbsp;margoulette&nbsp;» pour «&nbsp;tête&nbsp;»."	L'Auvergne-Rhônes-Alpes est une région riche en saveurs. De nombreux chefs cuisiniers très réputés viennent de cette région. On mange des spécialités dans des restaurants qui s'appellent des bouchons lyonnais. Les autres spécialités de la région sont la volaille de Bresse, les lentilles du Puy-de-Domes, la tartiflette de Haute-Savoie, la fourme de Montbrisson, le gratin dauphinois, les noix de Grenoble, les châtaignes d'Ardèche, le nougat de Montélimar. On boit des vins de Côte du Rhône ou des vins de Savoie, mais il existe beaucoup d'autres variétés de vin dans cette région. On peut aussi boire de l'eau d'Evian ou de Volvic. 	auvergne
Gilles	Bourgogne-Franche-Comté 	Cette région est la fusion de la Bourgogne et de la Franche-Comté. Elle s'appelle pour l'instant Bourgogne-Franche-Comté pour respecter l'ordre alphabétique. Ce nom devrait rester car aucun autre ne semble plus apprécié.	2,8	47 784 km2, soit 1 182 fois la ville de Dijon	Dijon sera la capitale de cette région. Les autres grandes villes sont Auxerre, Nevers, Mâcon, Châlon-sur-Saône, Besançon, Sochaux.	"Antoine Griezmann
Footballeur
né à Mâcon
Photo Reuters

Pierre Larousse
Fondateur des dictionnaires
Né à Toucy
DR

Florent Pagny
Chanteur
Né à Châlon-sur-Saône
AFP"		La Bourgogne-Franche-Comté touche quatre autres régions françaises, et un pays étranger, la Suisse. La Bourgogne est célèbre pour la qualité de ses vins, qui sont parmi les meilleurs du monde et qui peuvent être très très chers. A l'est, on trouve plusieurs massifs de montagnes, les Vosges et le Jura, où l'on peut faire du ski, et surtout du ski de fond dans le Jura. C'est dans le Doubs que l'on trouve le village de Mouthe, qui est considéré comme l'endroit le plus froid de France : en 1985, on y a enregistré une température de -41,2 degrés, c'est aussi froid que chez les esquimaux. 	En Bourgogne et en Franche-Comté, on met parfois un article devant le prénom (on va voir le Paul ou la Catherine) ou un y devant le verbe (j'y fais, j'y dis). En Bourgogne, quand on est affamé, on dit qu'on a vrai faim et quand c'est la canicule, on dit qu'on a vrai chaud. Quelqu'un d'idiot sera traité de «&nbsp;beuillot&nbsp;». Et dans les deux régions, «&nbsp;gaugé&nbsp;» signifie «&nbsp;trempé&nbsp;» et «&nbsp;dégnappé&nbsp;» veut dire «&nbsp;complètement foutu&nbsp;».	"A l'apéritif, la spécialité est le kir, un mélange de vin blanc et de crème de cassis. On peut manger des escargots de Bourgogne en entrée, puis une saucisse de Morteau ou de Montbéliard, une andouillette sauce moutarde ou un bon steak de vache charolaise. Côté fromages, on peut apprécier la cancoillote ou le comté. Pour accompagner tout ça (pour les adultes&nbsp;!), la Bourgogne a de grands vins, rouges ou blancs, et même du vin jaune du Jura. Voilà un repas qui n'est peut-être pas très léger, mais 100% Bourgogne-Franche Comté, une région où les affamés peuvent trouver leur bonheur.
Pour digérer, on peut piocher un petit bonbon à l'anis de l'abbaye de Flavigny. En plus, la boîte est jolie&nbsp;!"	bourgogne
Kim	Bretagne	La Bretagne est l'une des régions qui ne changeront pas avec le redécoupage. Elle garde donc son nom, sa capitale et ses contours. 	3,2	27 208 km2, soit 540 fois la ville de Rennes	Rennes reste la capitale de cette région. Les autres grandes villes sont Vannes, Saint-Brieuc, Brest, Morlaix et Quimper.	"Nolwenn Leroy
Chanteuse
Née à Saint-Renan
Photo AFP

Yoann Gourcuff
Footballeur
Né à Plœmeur
AFP

Chateaubriand
Ecrivain
Né à Saint-Malo
DR"		"Avant 1532, la Bretagne n'appartenait pas au Royaume de France. C'est quand la fille de la duchesse Anne de Bretagne, Claude de France, s'est mariée avec François&nbsp;1er que la région a officiellement été rattachée à la France. Les Bretons sont généralement fiers de leur identité régionale&nbsp;; ils  affichent volontiers le drapeau breton noir et blanc, le Gwenn ha Du. Pendant longtemps, les limites officielles de la Bretagne ont été floues, et la ville de Nantes (qui se trouve aujourd'hui dans la région des pays de la Loire) en a fait longtemps partie. Certains souhaitaient donc voir Nantes et ses alentours rejoindre la nouvelle région, d'autres non, et la région est restée telle quelle.
En Bretagne, on peut faire de la voile, admirer la faïence de Quimper, se promener autour des menhirs et des dolmens, ou des phares. La musique traditionnelle bretonne est jouée par des «&nbsp;bagadoù&nbsp;», qui ressemblent un peu aux groupes écossais, avec leurs cornemuses. On peut aussi venir en Bretagne pour les festivals de musique de Carhaix (Vieilles Charrues), ou le festival interceltique de Lorient."	La langue bretonne, le breton, se dit <em>brezhoneg</em>. Pour souhaiter «&nbsp;bonne journée&nbsp;» à quelqu'un, on dit «&nbsp;devezh mat&nbsp;». Pour demander à quelqu'un s'il va bien, on dit «&nbsp;mat an traoù&nbsp;?&nbsp;». Peu de personnes parlent encore cette langue, mais les Bretons essayent de la préserver. Il y a même des écoles où les cours sont en breton, on les appelle les écoles Diwan.	"Les gens qui aiment le poisson et les fruits de mer sont heureux en Bretagne, car il y en a beaucoup&nbsp;! On peut aussi y manger des crêpes, des galettes de sarrasin avec de la saucisse, des galettes de Pont-Aven, du kouign-aman (un gâteau au sucre et au beurre), du far breton (ça ressemble à un flan).
Pour boire, il y a bien sûr le cidre, à base de pommes. Et la Bretagne a son propre coca, le Breizh Cola."	bretagne
Kim	Centre-Val de Loire	Le Centre-Val de Loire est l'une des régions qui ne changeront pas avec le redécoupage. Elle garde donc son nom, sa capitale et ses contours. 	2,6	39 151 km2, soit 1 425 fois la ville d'Orléans	Orléans reste la capitale de cette région. Les autres villes connues sont Tours, Bourges, Châteauroux, Blois et Chartres sont aussi connues.	"Amel Bent
Chanteuse
Née à Tours
Photo AFP

Harry Roselmack
Journaliste
Né à Tours
AFP

Gérard Depardieu
Acteur
Né à Châteauroux
AFP"		"Jusqu'au début de l'année, le Centre-Val de Loire s'appelait seulement «&nbsp;Centre&nbsp;». Mais comme le plus long fleuve de France, la Loire, traverse la région, c'était plus logique d'en ajouter le nom. Avec ses châteaux de la Loire (Amboise, Blois, Chambord, Chenonceau...), le Centre-Val de Loire est une région touristique. On vient y découvrir les demeures des rois et de leurs familles. L'auteur de Tintin, Hergé, s'est aussi inspiré d'un de ces châteaux, Cheverny, pour créer le château de Moulinsart, où habite le Capitaine Haddock.
Dans la région, on peut aussi visiter la cathédrâle de Chartres, où l'on vient admirer la nef gothique ou les vitraux. On peut aussi se promener en forêt (il y en a beaucoup) ou pêcher dans le fleuve."	Dans cette région, on parle le berrichon. Ce sont principalement les personnees âgées qui l'utilisent encore. Il y a quelques mots typiques du berrichon, mais c'est surtout la prononciation qui est importante. On dit «&nbsp;ça pleut&nbsp;» au lieu de «&nbsp;il pleut&nbsp;», «&nbsp;eul&nbsp;» pour «&nbsp;le&nbsp;», et on peut même dire «&nbsp;bonsoir&nbsp;» le matin !	Dans le Centre-Val de Loire, on trouve des truffes, des rillettes et des petits pains briochés qui ont été créés au Moyen-Age, les fouaces. On les mange avec du fromage ou de la salade verte. Le Val-de-Loire est aussi connu pour ses vins.	centre_val_de_loire
Elsa (validé par Marie O.)	Corse	La Corse est l'une des régions qui ne changeront pas avec le redécoupage. Elle garde donc son nom, sa capitale et... ses contours (heureusement puisque c'est une île) !	0,3	8 680 km2, soit 106 fois la ville d'Ajaccio	Ajaccio reste la capitale de cette région. L'autre grande ville corse est Bastia. Porto-Vecchio, Calvi et Corte sont également connues.	"Tino Rossi
Chanteur
(«Petit papa Noël»)
Né à Ajaccio
Photo AFP

Napoléon 1er
Empereur
Né à Ajaccio
DR

Alizée
Chanteuse
Née à Ajaccio
CC Alizeemadit "		"La Corse est la seule région de la métropole (c'est-à-dire située en Europe) à être une île. Ses paysages sont très jolis, que ce soit du côté de la mer ou de la montagne, d'où son surnom d'«&nbsp;île de beauté&nbsp;». Le célèbre GR20, un chemin de randonnée qui la traverse, attire beaucoup de touristes chaque année.
Pendant longtemps, la Corse a été génoise (Gênes est une ville d'Italie), et elle a aussi été anglaise. Elle est redevenue française en 1796 et l'est restée depuis. Certains habitants voudraient que leur région soit indépendante de la France, pour qu'elle prenne ses décisions toute seule. Ce n'est pas le cas, mais elle a plus de pouvoir que les autres régions de France."	"Une partie des habitants parle le corse. C'est une langue qui ressemble à l'italien.
On dit par exemple le «&nbsp;pinzutu&nbsp;» (on ne prononce pas le dernier u) pour désigner le Français qui habite dans les autres régions (ce n'est pas très positif comme mot&nbsp;!), «&nbsp;basta&nbsp;» pour dire que ça suffit ou «&nbsp;fraté&nbsp;», qui veut dire «&nbsp;frère&nbsp;», pour parler d'un ami."	"La Corse a beaucoup de très bonnes spécialités&nbsp;! Elle est par exemple réputée pour sa charcuterie, avec la coppa, le lonzu ou le figatellu, qui est une saucisse de foie. On la connaît aussi pour ses fromages de chèvre et de brebis, et en particulier le brocciu, qui est utilisé dans de nombreux plats.
En Corse, on fait aussi des gâteaux avec de la farine de châtaigne."	corse
Kim	Ile-de-France 	L'Ile-de-France est l'une des régions qui ne changeront pas avec le redécoupage. Elle garde donc son nom, sa capitale et ses contours. 	11,9	12 012 km2, soit 114 fois la ville de Paris	Paris, qui est aussi la capitale de la France, reste la capitale de cette région. L'Elysée (où habite et travaille le Président), l'Assemblée nationale, le Sénat, les ministères sont à Paris. Les autres grandes villes sont Versailles, où se trouve le célèbre château, Nanterre, Evry et Melun.	"Johnny Halliday
Chanteur
Né à Paris
Photo AFP

Emile Zola
Ecrivain
Né à Paris
DR

Omar Sy
Acteur
Né à Trappes
Universal Pictures"		"L'Ile-de-France est la région de France qui a le plus d'habitants, alors que c'est l'une des plus petites&nbsp;! Elle a beaucoup évolué, surtout dans la deuxième moitié du 20e siècle&nbsp;: on a construit des maisons, des routes, des immeubles, des lignes de train, là où il y avait beaucoup de champs auparavant.
Paris est l'une des villes les plus visitées par les touristes du monde entier. On trouve en Ile-de-France d'autres endroits touristiques, comme le château de Versailles, la cité médiévale de Provins ou le parc Disneyland.
On vient aussi en Ile-de-France pour faire du commerce&nbsp;: la Défense, juste à côté de Paris, est le plus important quartier d'affaires d'Europe.
On peut se promener dans la région, au bord de la Seine ou dans les nombreuses forêts."	Il y a eu plusieurs dialectes (des façons particulières de parler une langue) en Ile-de-France, comme le briard, mais depuis 50 ans, presque plus personne ne les utilise. En briard, on disait par exemple «&nbsp;j'sais beaucoup&nbsp;» pour «&nbsp;je ne sais pas&nbsp;» ou «&nbsp;claquer du bec&nbsp;» pour «&nbsp;avoir faim&nbsp;». 	"L'Ile-de-France n'est pas particulièrement connue pour sa gastronomie, mais on y cultive les célèbres champignons de Paris et on y fabrique le fameux brie de Meaux ou de Melun (c'est du fromage).
Le Paris-Brest, un gâteau à base de pâte à choux et de praline, est une spécialité régionale. "	ile_de_france
Marie	Languedoc-Roussillon-Midi-Pyrénées	Cette région en regroupe deux anciennes&nbsp;: le Languedoc-Roussillon et Midi-Pyrénées. Elle va devenir l’une des plus grandes régions de France&nbsp;! Son nouveau nom n’a pas encore été choisi, cela fait débat. Les journaux locaux ont demandé aux lecteurs leur avis&nbsp;: la majorité a voté pour «&nbsp;Occitanie&nbsp;». Mais rien n’a encore été décidé.	5,6	72 724 km2, soit 615 fois la ville de Toulouse	Toulouse sera la capitale de cette région. Montpellier est un peu déçu. Les autres grandes villes sont Carcassonne, Nîmes et Perpignan.	"Olivia Ruiz
Chanteuse
Née à Carcassonne
Photo AFP

Frédéric Michalak
Rugbyman
Né à Toulouse
AFP

Rémi Gaillard
Youtubeur
Né à Montpellier
CC Yves Tennevin"		"Plein de choses&nbsp;! C’est l’une des destinations fétiches des vacanciers pendant l’été&nbsp;: 30 millions de touristes viennent chaque année. Il y a la mer (Méditerranée), la montagne (les Pyrénées) et on peut faire des balades magnifiques un peu partout, dans les gorges du Tarn par exemple.
Il y a aussi beaucoup de beaux monuments&nbsp;: les châteaux cathares, la cité de Carcassonne, mais aussi le pont du Gard et le canal du midi, qui relie la Garonne à la mer Méditerranée. Ou encore le viaduc de Millau sur lequel tu as peut-être roulé en voiture (il peut faire peur si tu as le vertige&nbsp;!)."	Les langues traditionnelles sont l’occitan et le catalan. Il y a des écoles français-occitan, qu'on appelle les calendretas, ce qui veut dire  <em>«petites alouettes»<em>, mais il n’en existe pas beaucoup. Il y a aussi des écoles où les élèves parlent le catalan. 	"Pour ceux qui ont très faim, il y a le cassoulet de Castelnaudary&nbsp;: des haricots blancs avec de la bonne saucisse de Toulouse et des cuisses de canard confites.
Si tu raffoles de fromages, cours vite dans les Pyrénées (en Ariège, par exemple), tu pourras goûter au Bethmale. Les petits fromages de Rocamadour (dans le Lot) valent aussi le détour. Dans l’Aveyron et la Lozère, on adore manger de l’aligot&nbsp;: c’est de la purée de pommes de terre mélangée avec de la tome fraîche. Et pour le dessert, une crème catalane, du côté de Perpignan&nbsp;? "	languedoc
Juliette	Nord-Pas-de-Calais-Picardie 	"Le Nord-Pas-de-Calais-Picardie est constitué de deux anciennes régions&nbsp;: le Nord-Pas-de-Calais et la Picardie. Son nom est provisoire. La nouvelle région s'appelera peut-être Flandres-Artois-Picardie.
"	6	31 813 km2, soit 805 fois la ville de Lille	"Lille devrait devenir la capitale de la région, même si certains voudraient que ce soit Amiens, la plus grande ville de Picardie. Les autres grandes villes sont Roubaix et Tourcoing, juste à côté de Lille, mais aussi Calais, Arras et Dunkerque.
"	"Franck Ribéry
Footballeur
Né à Boulogne-sur-Mer
Photo AFP

Dany Boon
Acteur
Né à Armentières
Mars Distribution

Louane
Chanteuse
Née à Hénin-Beaumont
AFP"		"La région souffre de beaucoup de clichés&nbsp;: on dit souvent qu'il pleut beaucoup dans le Nord, et que c'est une région pauvre. C'est vrai qu'elle est très touchée par le chômage. Mais la région a aussi plein d'atouts. Elle est située au carrefour de l'Europe&nbsp;: Lille est à seulement une heure de Paris en TGV, elle touche la Belgique, et l'Angleterre est juste de l'autre côté de la Manche. On peut y aller en bateau ou en Eurostar, un train qui passe sous la mer.
La principale destination touristique de la région, ce sont les grandes plages de la Côte d'Opale et de la Baie de Somme. On peut aussi se rendre sur les champs de bataille de la Première Guerre mondiale en Picardie. Des milliers de personnes déguisées assistent aussi chaque année au carnaval de Dunkerque.
Il y a beaucoup de maisons en brique rouge, et chaque ville possède son beffroi, une ancienne tour de guet qui sonne toutes les heures. Les corons, anciennes habitations des mineurs, font aussi partie du paysage du Nord-Pas-de-Calais, qui a longtemps été la première région productrice de charbon. L'hiver, on peut même skier ou faire de la luge sur les terrils, des collines accumulées quand il y avait des mines de charbon."	Tout le monde parle au moins quelques mots de picard, une langue régionale qui est appellée le ch'ti (ou ch'timi) dans le Nord. C'est en référence à ce patois que les habitants du Nord sont parfois appelés les Ch'tis. On parle d'une «&nbsp;drache&nbsp;» pour une forte pluie, de «&nbsp;wassingue&nbsp;» pour une serpillère et de «&nbsp;chicons&nbsp;» pour les endives. L'autre dialecte parlé dans la région est le flamand, qui est aussi utilisé en Belgique et aux Pays-Bas.	"Comme en Belgique, on mange des moules-frites (surtout pendant la braderie de Lille, le plus grand marché aux puces d'Europe, qui a lieu tous les ans à la rentrée). La région produit aussi beaucoup de bières. Un des fromages les plus connus est le maroilles (certains le trempent même dans leur café le matin au petit déjeuner&nbsp;!)
Côté sucré, on peut citer les spéculoos (des gâteaux à la cannelle), les gaufres ou le Carambar, qui a été inventé dans le Nord."	nord_pas_de_calais
Guillaume	Normandie	Pour créer cette région, c'était facile : on a réuni la Haute-Normandie et la Basse-Normandie.	3 322 756 habitants (3,3 millions)	29 906 km2, soit 1 400 fois la ville de Rouen	Rouen devrait devenir la capitale de la région. L'autre grande ville de Normandie, Caen, gardera quelques administations importantes comme le rectorat (qui s'occupe des écoles). Les autres villes importantes sont Le Havre, Cherbourg et Evreux.	"
Orelsan
Rappeur
Né à Alençon
Photo AFP

Valérie Lemercier
Actrice
Née à Dieppe
Wold Bunch Distribution


François Hollande
Président de la République
Né à Rouen
AFP"		"Une partie de l'histoire de la région est liée à la mer&nbsp;: Guillaume le Conquérant avait franchi la Manche depuis la Normandie pour conquérir l'Angleterre. Les plages sont aussi connues parce que c'est par là que sont arrivés les soldats américains et anglais pour sauver la France pendant la Seconde guerre mondiale.
Aujourd'hui encore, le bord de mer attire les touristes, à Deauville, Honfleur, Etretat et bien sûr au Mont-Saint-Michel, un des monuments les plus visités de France. La mer est aussi importante pour le commerce (Le Havre est le deuxième port de France) et la pêche. La Normandie est aussi une région agricole, notamment d'élevage de vaches laitières."	Il existe encore une langue normande, notamment dans le Cotentin et dans les îles anglo-normandes (Jersey, Guernesey), mais elle n'est plus parlée que par environ 20 000 personnes. Quelques mots de français viennent du normand, surtout des termes utilisés par les marins, comme «&nbsp;quille&nbsp;» et «&nbsp;houle&nbsp;».	"La Normandie est surtout connue pour ses pommes et son camembert. Avec les pommes, on fait notamment de l'alcool, comme du cidre et du calvados. On mange de l'escalope normande (avec de la crème fraîche et des champignons), des tripes à la mode de Caen, de l'andouille (c'est de la charcuterie). Au Mont-Saint-Michel, on peut déguster la fameuse omelette de la mère Poulard.
Le Boursin a été inventé en Normandie, tout comme le petit suisse."	normandie
Alexandre H.	Pays de la Loire	Les Pays de la Loire sont l'une des régions qui ne changeront pas avec le redécoupage. Elle garde donc son nom, sa capitale et ses contours.	3,6	32 000 km2, soit 491 fois la ville de Nantes	Nantes reste la capitale de cette région. Les autres grandes villes de la région sont Angers, Laval, Le Mans et La Roche-sur-Yon.	"Jules Verne
Ecrivain
Né à Nantes
Photo DR

Christine and the Queens
Chanteuse
Née à Nantes


Jo-Wilfried Tsonga
Tennisman
Né au Mans
AFP"		"Les 368&nbsp;km de côtes de la région se trouvent le long de l'océan Atlantique. On y trouve deux îles importantes&nbsp;: l'île de Noirmoutier et l'île d'Yeu. La mer compte beaucoup dans les Pays de la Loire&nbsp;: on y pêche et on y construit des bateaux, en particulier dans les chantiers navals de Saint-Nazaire, en Loire-Atlantique.
En culture, la région propose des choses très variées&nbsp;: il y a par exemple le festival de musique classique «&nbsp;La Folle Journée à Nantes&nbsp;», et le Hellfest, qui est consacré au metal, à Clisson. Les amateurs de courses automobiles peuvent aussi se rendre aux 24&nbsp;heures du Mans.
"	"Plusieurs langues ont été parlées dans la région : le poitevin, le gallo, l'angevin . Le breton est aussi enseigné dans quleques écoles Diwan.
"	"On peut déguster les célèbres rillettes du Mans, les mojettes de Vendée (ce sont des haricots) ou les volailles de Loué. Il y a aussi le fameux sel de Guérande et le préfou (un pain à l'ail et au beurre).
Pour ceux qui aiment le sucré, on trouve la gâche vendéenne (une brioche), le gâteau nantais (aux amandes et au rhum) ou les petits bonbons qu'on appelle les berlingots. C'est à Nantes qu'a été inventé le Petit Beurre, mais aussi le BN (BN veut dire «&nbsp;biscuiterie nantaise&nbsp;»)."	pays_de_la_loire
Kim	"
Aquitaine-Limousin-Poitou-Charentes"	L'Aquitaine-Limousin-Poitou-Charentes regroupe trois anciennes régions&nbsp; : l'Aquitaine, le Limousin, et le Poitou-Charentes. Son nom n'est que provisoire&nbsp; : heureusement, parce que c'est un peu long à dire !	5,8	84 036 km2, soit 1 703 fois la ville de Bordeaux	Bordeaux devrait être la nouvelle capitale de cette région. Jusqu'ici, elle n'était le chef-lieu que de l'Aquitaine. Les autres grandes villes de la région sont Limoges, Poitiers, La Rochelle, Pau et Niort.	"Kendji Girac
Chanteur
Né à Périgueux
Photo DR

François Mitterrand
Ancien président de la République
Né à Jarnac
AFP

Didier Deschamps
Sélectionneur de foot
Né à Bayonne
AFP
"		"L'Aquitaine-Limousin-Poitou-Charentes est située dans le sud-ouest de la France. Elle touche l'Espagne et dispose d'une longue côte. C'est aussi la plus vaste région de France&nbsp; : elle est plus grande que l'Autriche&nbsp; !
Elle est connue pour la porcelaine de Limoges, les fêtes de Bayonne, son fort Boyard, que l'on peut visiter, le festival de musique des Francofolies (à La Rochelle), le festival de bande dessinée d'Angoulême ou encore les grottes de Lascaux."	"Il y a plusieurs patois (ce sont des langues) dans cette nouvelle grande région&nbsp; : l'occitan, le saintongeais, le poitevin. Il y a aussi une langue qui s'appelle le basque (on l'appelle «&nbsp;euskara&nbsp;») elle est encore très parlée et c'est la plus ancienne langue d'Europe de l'Ouest ! Certains élèves sont inscrits dans des écoles qu'on appelle des ikastolas où les enfants parlent le basque en cours.
Pour compter de 1 à 10, on dit : «&nbsp;bat, bi , hiru, lau, bost, sei, zazpi, zortzi, bederatzi, hamar&nbsp;». En occitan, qui n'est plus beaucoup parlé, on dit «&nbsp;bonjorn&nbsp;» pour «&nbsp;bonjour&nbsp;»."	"Il y a du choix&nbsp; ! En Aquitaine-Limousin-Poitou-Charentes, on mange du foie gras de canard, de la tourtière (un plat à base de viande et de pommes de terre), de l'axoa (un ragoût au piment d'Espelette), de la viande de bœuf du Limousin, des huîtres d'Arcachon...
Et on boit du vin blanc, comme le Sauternes, ou du cognac. Sans oublier tous les vins de Bordeaux, connus dans le monde entier&nbsp; !
Pour le dessert, on mange du clafoutis aux cerises et du broyé poitevin, un gâteau qui ressemble à un gros sablé. "	aquitaine
Johanna	Provence-Alpes-Côtes-d’Azur 	"
La région Provence-Alpes-Côte d’Azur, qu’on appelle aussi «&nbsp;Paca&nbsp;», est l’une des régions qui ne changeront pas avec le redécoupage. Elle garde donc son nom, sa capitale et ses contours."	4,9	31 400 km2, soit 130 fois la ville de Marseille	Marseille reste la capitale de cette région. Les autres grandes villes sont Nice, Toulon, Aix-en-Provence et Avignon. Il y a aussi des villes plus petites mais très célèbres, comme Saint-Tropez, connue pour son port, ou Cannes, connue pour son festival de cinéma.	"Paul Cézanne
Peintre
Né à Aix-en-Provence
Photo DR

Zinedine Zidane
Footballeur
Né à Marseille
AFP

Camélia Jordana
Chanteuse
Née à Toulon
DR "		"C’est une région où on trouve à la fois la mer et la montagne. Elle comprend 700 kilomètres de côtes et une frontière avec l’Italie. L'été, il peut faire très chaud, avec des températures qui peuvent monter jusqu’à 35°. Heureusement, on peut se baigner dans la mer Méditerranée. Pour ce qui est de la montagne, on trouve le massif des Ecrins, qui mesure 4 000 mètres (c'est le plus haut des Alpes&nbsp; !) et le Mont Ventoux.
Il existe aussi de nombreux vestiges gallo-romains en Provence.

La ville de Nice n’est devenue définitivement française qu’en 1860. Avant, elle appartenait aux Italiens. Au 14e siècle, le pape et sa cour se sont installés à Avignon. Leur résidence, le Palais des Papes, se visite encore aujourd'hui."	"On y parle le provençal, une langue qui ressemble beaucoup au latin. Il existe beaucoup de dialectes (des façons différentes de parler une langue), comme le nissart, que l’on parle à Nice. Beaucoup de mots utilisés en français viennent du provençal. Par exemple on dit «&nbsp;cagnard&nbsp;» pour «&nbsp;soleil&nbsp;», et pour dire «&nbsp;enfant&nbsp;», on dit «&nbsp;pitchoun&nbsp;».
Certaines expressions marseillaises sont devenues célèbres, comme «&nbsp;fada&nbsp;» pour dire «&nbsp;fou&nbsp;» ou «&nbsp;peuchère&nbsp;», qu’on utilise pour montrer sa compassion."	"Il faut aimer l’huile d’olive, l’ail, la tomate, les anchois et le poisson pour apprécier la cuisine provençale. Côté fruits et légumes, on trouve le melon de Cavaillon, la fraise de Carpentras, la figue de Solliès...
Il existe beaucoup de spécialités culinaires en Provence, comme la daube provençale (un ragoût de bœuf), le tian de légumes (avec des aubergines, des courgettes, des oignons, des tomates et du fenouil) ou la pissaladière (une tarte avec des olives, des anchois et des oignons).
A Marseille, on déguste la bouillabaisse, une soupe de poissons, ou l’aïoli, une sauce à base d'ail. A Noël, les Provençaux ont pour tradition de manger pas moins de treize desserts, qui comportent du nougat, des fruits confits, des dattes, des figues ou encore des spécialités locales comme les calissons (des petits bonbons à l’amande) ou les oreillettes (des sortes de beignets croustillants).
"	provence
Sophie	La Guadeloupe	La Guadeloupe se situe dans les Antilles, entre la mer des Caraïbes et l'océan Atlantique, à 6 700 km de la métropole. 	0,4	1 628 km2, soit 282 fois la ville de Basse-Terre	Son chef-lieu est Basse-Terre. Pointe-à-Pitre est une autre ville importante.	"Teddy Riner
Judoka
Né aux Abymes
Photo AFP

Lilian Thuram
Footballeur
Né à Pointe-à-Pitre
AFP"		La Guadeloupe est formée de plusieurs îles, en partie nées de l'activité volcanique. Il y a beaucoup de forêts. Sur la principale île, on trouve le volcan de la Soufrière, toujours en activité. Le climat y est tropical tempéré, parfait pour passer des vacances au soleil.  	Le français guadeloupéen est un peu différent de celui parlé en métropole. Les anciennes générations parlent aussi le créole guadeloupéen, qui est un mélange de français, d'anglais, d'espagnol, de langues africaines et même de certains mots venus des Indiens d'Amérique&nbsp; ! Par exemple, on dit «&nbsp;zafè a’w ka maché ?&nbsp;» pour dire «&nbsp;tout va bien ?&nbsp;» ou «&nbsptimoun&nbsp;» pour «&nbspenfant&nbsp;».  	On y cultive des toute petites bananes appelées Poyo et on mange du «blaff», un plat de poisson cuit au bouillon avec plein d'épices.  	guadeloupe
Sophie	La Guyane	La Guyane est en Amérique du sud. C'est à la fois un département et une région. C'est aussi la plus grande région de France.	0,2	83 846 km2, soit 3 553 fois la ville de Cayenne	Son chef-lieu est Cayenne. Les autres grandes villes sont Kourou et Saint-Laurent-du-Maroni.  	"Christiane Taubira
Femme politique
Née à Cayenne
Photo AFP

Henri Salvador
Chanteur
Né à Cayenne
AFP"		"La Guyane a une frontière avec le Brésil et le Suriname. Il y fait un climat très chaud et très humide, et il y a beaucoup de forêts avec beaucoup d'animaux  et d'arbres d'espèces et de variétés différentes. A Kourou, il y a une base spatiale pour lancer des fusées.
Pendant longtemps, on envoyait des gens de la métropole dans une prison à Cayenne, pour qu'ils soient loin. On dit qu'ils allaient au bagne. "	On y parle différentes formes de créole, dont le guyanais, qui est à base de français mais est influencé par l'anglais et le portugais. «&nbsp;Garçon&nbsp;» se dit «&nbsp;tiboug&nbsp;», «&nbsp;promenade&nbsp;» se dit «&nbsp;pronmnen&nbsp;» et «&nbsp;coup de poing&nbsp;» se dit «&nbsp;tchòk&nbsp;».	La spécialité guyannaise est un ragoût de viande et de légumes assaissonné au colombo, une épice qui ressemble un peu au curry. 	guyane
Sophie	La Martinique	La Martinique est une île située dans la mer des Caraïbes, dans l'archipel des Petites Antilles. On la surnomme aussi l'«&nbsp;île aux fleurs&nbsp;». 	0,4	1 128 km2, soit plus de 25 fois la ville de Fort-de-France	Son chef-lieu est Fort-de-France.	"Audrey Pulvar
Journaliste
Née à Fort-de-France
Photo Georges Biard C.C


Aimé Césaire
Poète et homme politique français
Né à Basse-Pointe
AFP"		"La Martinique est une île d'origine volcanique située dans la mer des Caraïbes. Ses plages de sable blond sont très belles et il y a aussi beaucoup de champs de canne à sucre. Le volcan de la montagne Pelée qui s'y trouve est actif.
"	Une grande partie de la population parle le créole en plus du français. On dit par exemple «latè» pour la «terre» ou «ti nonm» pour «petit garçon»	On y mange de la langouste, on y boit du ti punch, avec du rhum et du citron vert, pour l'apéritif, et quand il fait trop chaud on boit des «&nbsp;sinobol&nbsp;», un mélange de glace râpée et de sirop.  	martinique
cécile	La Réunion	La Réunion est une île au sud-ouest de l'océan Indien. C'est à la fois un département et une région d'outre-mer.	0,8	2 512 km2, soit 18 fois la ville de Saint-Denis	Son chef-lieu est Saint-Denis. Les autres grandes villes sont Saint-Paul et Saint-Pierre.	"Manu Payet
Acteur
Né à Saint-Denis de la Réunion
Photo Zazi films/Canal+

Valérie Bègue
Ancienne Miss France
Née à Saint-Pierre
AFP"		"La Réunion s'appelait l'île Bourbon avant. Le climat de l'île est tropical. Il fait entre 18 et 30 degrés sur la côte mais en altitude le thermomètre peut descendre en dessous de zéro&nbsp; ! L'île est un paradis pour les randonneurs&nbsp; : il y a de très belles montagnes, des grandes forêts, de magnifiques cascades. Il y a aussi l'un des volcans les plus actifs de la planète&nbsp; : le Piton de la Fournaise. Il entre très souvent éruption et cela provoque des coulées de lave dont la température atteint souvent 1 200 degrés&nbsp; !
Depuis quelques années, on parle aussi de La Réunion à cause des requins. Il y a eu 18 attaques contre des hommes depuis 2011. Ce sont souvent des surfeurs, que les requins confondent avec des tortues ou des phoques. Depuis juillet 2013, la baignade et les activités nautiques sont interdites dans une grande partie de l'île, sauf dans le lagon&nbsp;: il est protégé par la barrière de corail, qui empêche les requins de passer.
"	La plupart des Réunionnais parlent le créole même si la langue officielle est bien sûr le français. «&nbsp;Enfant&nbsp;» se dit «&nbsp;marmaille&nbsp;», «&nbsp;copain&nbsp;» se dit «&nbsp;dalon&nbsp;» et «&nbsp;draguer&nbsp;» se dit «&nbsp;taser&nbsp;».	La spécialité est le cari. C'est un plat à base de viande ou de poisson avec des tomates, du curcuma (des épices), de l'ail et des oignons. Mais il y a aussi les achards (un mélange de légumes râpés), les samoussas (en forme de triangle avec de la viande ou des légumes dedans) ou bien sûr le rhum&nbsp; !	réunion
Sophie	Mayotte	Mayotte est un ensemble d'îles situé dans l'archipel des Comores, dans l'océan Indien. Ça se trouve à 8 000 km de la métropole, entre l'Afrique et Madagascar. Mayotte est devenue une région comme les autres en 2011. Elle a une situation spéciale qui fait qu'elle ne vote pas cette fois-ci, mais elle votera en 2017.	0,2	376 km2, soit 9 fois la ville de Mamoudzou	Le chef-lieu administratif est situé à Dzaoudzi, mais l’activité économique est concentrée autour de Mamoudzou. 	"Toifilou Maoulida
Footballeur
Né à Kani-Kéli
Photo AFP
"		"Mayotte est constituée de deux îles principales et d'autres plus petites. Le climat est chaud et humide de décembre à mars, plus frais et plus sec de juin à septembre.
Elle est devenue française en 1841. Plus de la mootié de ses habitants, qu'on appelle les Mahorais, ont moins de 20 ans, et 95% de la population est musulmane. Il y a beaucoup d'arbres et d'animaux différents sur l'île, et l'eau sur les plages est toujours très chaude, ce qui permet de plonger et nager tout le temps. "	"La langue officielle est le français, mais beaucoup d'habitants parlent une langue africaine, le shimaore, ou d'autres dialectes d'origine malgache.
En shimaoré, «paix» se dit «amani» et «méchant» se dit «a peu». "	On y mange du mataba&nbsp; : ça ressemble un peu à des épinards, mais en fait ce sont des feuilles de brède manioc mijotées dans du lait de coco. On y trouve aussi du jus de baobab&nbsp;!	mayotte
